<?xml version="1.0" encoding="UTF-8"?>
<metadata xml:lang="nl"><Esri><CreaDate>20180702</CreaDate><CreaTime>15564600</CreaTime><ArcGISFormat>1.0</ArcGISFormat><ArcGISstyle>INSPIRE Metadata Directive</ArcGISstyle><SyncOnce>TRUE</SyncOnce><DataProperties><itemProps><itemLocation><linkage Sync="TRUE">file://\\172.31.11.14\inbo\Gisdata\Vlaanderen\Grenzen\Administratief\RefgewCopy</linkage><protocol Sync="TRUE">Local Area Network</protocol></itemLocation></itemProps><copyHistory><copy source="S:\Vlaanderen\Grenzen\Administratief\Refgew" dest="\\172.31.11.14\inbo\Gisdata\Vlaanderen\Grenzen\Administratief\RefgewCopy" date="20180620" time="15380400"></copy></copyHistory></DataProperties></Esri></metadata>
